NOMBRE;AARON;ALONSO;BLANCO;RAMIREZ;;;;;;;;;;;;;;;;;;;;;;;;;;;;;;;;;;;;;;;;;;;;;;;;;;;;;;;;;;;;;;;;;;;;;;;;;;;;;;;;;;;;;;;;;;;;;;;;;;;;;;;;;;;;;;;;;;;;;;;;;;;
;;;;;;;;;;;;;;;;;;;;;;;;;;;;;;;;;;;;;;;;;;;;;;;;;;;;;;;;;;;;;;;;;;;;;;;;;;;;;;;;;;;;;;;;;;;;;;;;;;;;;;;;;;;;;;;;;;;;;;;;;;;;;;;
DISTANCIA;INSTANCIAS;;;;;;;;DISTANCIA;INSTANCIAS;;;;;;;;DISTANCIA;INSTANCIAS;;;;;;;;;;;;;;;;;;;;;;;;;;;;;;;;;;;;;;;;;;;;;;;;;;;;;;;;;;;;;;;;;;;;;;;;;;;;;;;;;;;;;;;;;;;;;;;;;;;;;;;;;;;;
1;3;;;;;;;;3;0;;;;;;;;6;1;;;;;;;;DISTANCIA;INSTANCIAS;;;;;;;;DISTANCIA;INSTANCIAS;;;;;;;;DISTANCIA;INSTANCIAS;;;;;;;;DISTANCIA;INSTANCIAS;;;;;;;;DISTANCIA;INSTANCIAS;;;;;;;;DISTANCIA;INSTANCIAS;;;;;;;;DISTANCIA;INSTANCIAS;;;;;;;;DISTANCIA;INSTANCIAS;;;;;;;;DISTANCIA;INSTANCIAS;;;;;;;;DISTANCIA;INSTANCIAS;;;;;;;;DISTANCIA;INSTANCIAS;;;;;;;;DISTANCIA;INSTANCIAS
2;67;;;;;;;;4;9;;|;;;;;;7;1;;;;;;;;6;0;;;;;;;;7;0;;;;;;;;8;0;;;;;;;;10;0;;;;;;;;10;0;;;;;;;;11;0;;;;;;;;12;0;;;;;;;;13;0;;;;;;;;15;0;;;;;;;;16;0;;;;;;;;6;0;;;;;;;;20;0
3;205;;;;;;;;5;13;;;;;;;;8;10;;;;;;;;7;1;;;;;;;;14;0;;;;;;;;17;0;;;;;;;;22;0;;;;;;;;34;0;;;;;;;;33;0;;;;;;;;44;0;;;;;;;;75;0;;;;;;;;115;0;;;;;;;;152;0;;;;;;;;202;0;;;;;;;;303;0
4;239;;;;;;;;6;39;;;;;;;;9;17;;;;;;;;8;3;;;;;;;;15;1;;;;;;;;18;0;;;;;;;;23;0;;;;;;;;36;0;;;;;;;;36;0;;;;;;;;47;0;;;;;;;;87;0;;;;;;;;123;0;;;;;;;;175;0;;;;;;;;203;0;;;;;;;;312;0
5;327;;;;;;;;7;53;;;;;;;;10;15;;;;;;;;9;7;;;;;;;;16;1;;;;;;;;20;0;;;;;;;;26;0;;;;;;;;38;0;;;;;;;;39;0;;;;;;;;48;0;;;;;;;;88;0;;;;;;;;124;0;;;;;;;;177;0;;;;;;;;205;0;;;;;;;;316;0
6;421;;;;;;;;8;91;;;;;;;;11;26;;;;;;;;10;14;;;;;;;;17;0;;;;;;;;21;1;;;;;;;;28;0;;;;;;;;39;0;;;;;;;;40;2;;;;;;;;50;1;;;;;;;;90;0;;;;;;;;130;1;;;;;;;;178;0;;;;;;;;209;0;;;;;;;;325;0
7;505;;;;;;;;9;117;;;;;;;;12;34;;;;;;;;11;18;;;;;;;;18;1;;;;;;;;23;1;;;;;;;;30;0;;;;;;;;40;0;;;;;;;;41;0;;;;;;;;51;0;;;;;;;;92;0;;;;;;;;132;1;;;;;;;;180;0;;;;;;;;210;0;;;;;;;;328;0
8;593;;;;;;;;10;133;;;;;;;;13;34;;;;;;;;12;26;;;;;;;;19;2;;;;;;;;24;0;;;;;;;;31;2;;;;;;;;43;3;;;;;;;;43;0;;;;;;;;52;0;;;;;;;;98;0;;;;;;;;135;0;;;;;;;;181;1;;;;;;;;213;0;;;;;;;;329;1
9;632;;;;;;;;11;136;;;;;;;;14;43;;;;;;;;13;28;;;;;;;;21;1;;;;;;;;25;1;;;;;;;;32;2;;;;;;;;44;4;;;;;;;;44;2;;;;;;;;53;4;;;;;;;;99;1;;;;;;;;136;0;;;;;;;;182;0;;;;;;;;214;0;;;;;;;;330;0
10;523;;;;;;;;12;142;;;;;;;;15;45;;;;;;;;14;27;;;;;;;;22;6;;;;;;;;26;2;;;;;;;;33;2;;;;;;;;45;2;;;;;;;;45;0;;;;;;;;54;0;;;;;;;;102;2;;;;;;;;137;0;;;;;;;;184;1;;;;;;;;215;0;;;;;;;;332;2
11;492;;;;;;;;13;181;;;;;;;;16;59;;;;;;;;15;29;;;;;;;;23;3;;;;;;;;27;1;;;;;;;;34;1;;;;;;;;46;7;;;;;;;;46;1;;;;;;;;55;2;;;;;;;;104;2;;;;;;;;139;2;;;;;;;;185;1;;;;;;;;217;0;;;;;;;;334;1
12;471;;;;;;;;14;169;;;;;;;;17;54;;;;;;;;16;32;;;;;;;;24;3;;;;;;;;28;1;;;;;;;;35;1;;;;;;;;47;3;;;;;;;;47;3;;;;;;;;56;1;;;;;;;;105;1;;;;;;;;140;5;;;;;;;;187;2;;;;;;;;218;0;;;;;;;;336;1
13;440;;;;;;;;15;182;;;;;;;;18;82;;;;;;;;17;46;;;;;;;;25;6;;;;;;;;29;2;;;;;;;;36;4;;;;;;;;48;9;;;;;;;;48;2;;;;;;;;57;1;;;;;;;;106;5;;;;;;;;141;2;;;;;;;;188;2;;;;;;;;219;4;;;;;;;;337;1
14;384;;;;;;;;16;219;;;;;;;;19;78;;;;;;;;18;47;;;;;;;;26;7;;;;;;;;30;2;;;;;;;;37;3;;;;;;;;49;2;;;;;;;;49;0;;;;;;;;58;5;;;;;;;;108;3;;;;;;;;142;0;;;;;;;;190;2;;;;;;;;220;0;;;;;;;;338;1
15;286;;;;;;;;17;210;;;;;;;;20;105;;;;;;;;19;40;;;;;;;;27;11;;;;;;;;31;6;;;;;;;;38;4;;;;;;;;50;5;;;;;;;;50;2;;;;;;;;59;3;;;;;;;;109;4;;;;;;;;143;1;;;;;;;;191;6;;;;;;;;221;1;;;;;;;;339;1
16;220;;;;;;;;18;225;;;;;;;;21;98;;;;;;;;20;56;;;;;;;;28;10;;;;;;;;32;6;;;;;;;;39;5;;;;;;;;51;5;;;;;;;;51;2;;;;;;;;60;3;;;;;;;;110;6;;;;;;;;144;1;;;;;;;;192;0;;;;;;;;222;2;;;;;;;;340;0
17;188;;;;;;;;19;255;;;;;;;;22;122;;;;;;;;21;61;;;;;;;;29;16;;;;;;;;33;6;;;;;;;;40;7;;;;;;;;52;4;;;;;;;;52;6;;;;;;;;61;0;;;;;;;;111;5;;;;;;;;145;4;;;;;;;;193;2;;;;;;;;223;3;;;;;;;;341;1
18;185;;;;;;;;20;264;;;;;;;;23;154;;;;;;;;22;71;;;;;;;;30;16;;;;;;;;34;13;;;;;;;;41;9;;;;;;;;53;12;;;;;;;;53;4;;;;;;;;62;4;;;;;;;;112;5;;;;;;;;146;2;;;;;;;;194;7;;;;;;;;224;2;;;;;;;;342;4
19;220;;;;;;;;21;263;;;;;;;;24;127;;;;;;;;23;53;;;;;;;;31;17;;;;;;;;35;7;;;;;;;;42;11;;;;;;;;54;12;;;;;;;;54;7;;;;;;;;63;5;;;;;;;;113;6;;;;;;;;147;4;;;;;;;;195;4;;;;;;;;225;4;;;;;;;;343;1
20;201;;;;;;;;22;278;;;;;;;;25;135;;;;;;;;24;56;;;;;;;;32;12;;;;;;;;36;18;;;;;;;;43;16;;;;;;;;55;14;;;;;;;;55;5;;;;;;;;64;3;;;;;;;;114;12;;;;;;;;148;5;;;;;;;;196;6;;;;;;;;226;10;;;;;;;;344;10
21;214;;;;;;;;23;268;;;;;;;;26;132;;;;;;;;25;85;;;;;;;;33;20;;;;;;;;37;10;;;;;;;;44;8;;;;;;;;56;8;;;;;;;;56;5;;;;;;;;65;5;;;;;;;;115;11;;;;;;;;149;5;;;;;;;;197;6;;;;;;;;227;12;;;;;;;;345;9
22;206;;;;;;;;24;353;;;;;;;;27;159;;;;;;;;26;62;;;;;;;;34;20;;;;;;;;38;19;;;;;;;;45;16;;;;;;;;57;18;;;;;;;;57;8;;;;;;;;66;7;;;;;;;;116;7;;;;;;;;150;15;;;;;;;;198;7;;;;;;;;228;1;;;;;;;;346;3
23;202;;;;;;;;25;307;;;;;;;;28;177;;;;;;;;27;85;;;;;;;;35;18;;;;;;;;39;22;;;;;;;;46;24;;;;;;;;58;22;;;;;;;;58;4;;;;;;;;67;7;;;;;;;;117;6;;;;;;;;151;5;;;;;;;;199;8;;;;;;;;229;13;;;;;;;;347;11
24;208;;;;;;;;26;291;;;;;;;;29;172;;;;;;;;28;97;;;;;;;;36;34;;;;;;;;40;14;;;;;;;;47;16;;;;;;;;59;19;;;;;;;;59;9;;;;;;;;68;8;;;;;;;;118;10;;;;;;;;152;4;;;;;;;;200;6;;;;;;;;230;12;;;;;;;;348;15
25;211;;;;;;;;27;282;;;;;;;;30;206;;;;;;;;29;100;;;;;;;;37;16;;;;;;;;41;23;;;;;;;;48;16;;;;;;;;60;17;;;;;;;;60;13;;;;;;;;69;13;;;;;;;;119;13;;;;;;;;153;10;;;;;;;;201;19;;;;;;;;231;8;;;;;;;;349;11
26;193;;;;;;;;28;280;;;;;;;;31;193;;;;;;;;30;98;;;;;;;;38;30;;;;;;;;42;20;;;;;;;;49;14;;;;;;;;61;26;;;;;;;;61;11;;;;;;;;70;7;;;;;;;;120;15;;;;;;;;154;8;;;;;;;;202;12;;;;;;;;232;14;;;;;;;;350;10
27;188;;;;;;;;29;301;;;;;;;;32;225;;;;;;;;31;121;;;;;;;;39;29;;;;;;;;43;29;;;;;;;;50;15;;;;;;;;62;19;;;;;;;;62;15;;;;;;;;71;11;;;;;;;;121;13;;;;;;;;155;11;;;;;;;;203;12;;;;;;;;233;14;;;;;;;;351;12
28;188;;;;;;;;30;321;;;;;;;;33;221;;;;;;;;32;116;;;;;;;;40;33;;;;;;;;44;34;;;;;;;;51;16;;;;;;;;63;28;;;;;;;;63;13;;;;;;;;72;7;;;;;;;;122;15;;;;;;;;156;15;;;;;;;;204;16;;;;;;;;234;15;;;;;;;;352;16
29;217;;;;;;;;31;340;;;;;;;;34;228;;;;;;;;33;133;;;;;;;;41;33;;;;;;;;45;23;;;;;;;;52;28;;;;;;;;64;30;;;;;;;;64;20;;;;;;;;73;13;;;;;;;;123;21;;;;;;;;157;12;;;;;;;;205;10;;;;;;;;235;13;;;;;;;;353;19
30;184;;;;;;;;32;310;;;;;;;;35;218;;;;;;;;34;140;;;;;;;;42;29;;;;;;;;46;36;;;;;;;;53;27;;;;;;;;65;42;;;;;;;;65;17;;;;;;;;74;12;;;;;;;;124;29;;;;;;;;158;8;;;;;;;;206;18;;;;;;;;236;22;;;;;;;;354;27
31;187;;;;;;;;33;315;;;;;;;;36;280;;;;;;;;35;144;;;;;;;;43;43;;;;;;;;47;40;;;;;;;;54;36;;;;;;;;66;20;;;;;;;;66;14;;;;;;;;75;11;;;;;;;;125;25;;;;;;;;159;14;;;;;;;;207;18;;;;;;;;237;14;;;;;;;;355;20
32;200;;;;;;;;34;322;;;;;;;;37;303;;;;;;;;36;130;;;;;;;;44;30;;;;;;;;48;54;;;;;;;;55;40;;;;;;;;67;28;;;;;;;;67;22;;;;;;;;76;16;;;;;;;;126;22;;;;;;;;160;20;;;;;;;;208;26;;;;;;;;238;20;;;;;;;;356;28
33;210;;;;;;;;35;337;;;;;;;;38;293;;;;;;;;37;147;;;;;;;;45;51;;;;;;;;49;43;;;;;;;;56;45;;;;;;;;68;39;;;;;;;;68;33;;;;;;;;77;22;;;;;;;;127;34;;;;;;;;161;16;;;;;;;;209;27;;;;;;;;239;25;;;;;;;;357;30
34;181;;;;;;;;36;327;;;;;;;;39;287;;;;;;;;38;162;;;;;;;;46;49;;;;;;;;50;51;;;;;;;;57;33;;;;;;;;69;51;;;;;;;;69;18;;;;;;;;78;16;;;;;;;;128;27;;;;;;;;162;13;;;;;;;;210;22;;;;;;;;240;23;;;;;;;;358;41
35;197;;;;;;;;37;316;;;;;;;;40;322;;;;;;;;39;172;;;;;;;;47;44;;;;;;;;51;62;;;;;;;;58;41;;;;;;;;70;46;;;;;;;;70;21;;;;;;;;79;21;;;;;;;;129;36;;;;;;;;163;25;;;;;;;;211;40;;;;;;;;241;32;;;;;;;;359;42
36;224;;;;;;;;38;357;;;;;;;;41;292;;;;;;;;40;180;;;;;;;;48;54;;;;;;;;52;52;;;;;;;;59;47;;;;;;;;71;49;;;;;;;;71;31;;;;;;;;80;34;;;;;;;;130;42;;;;;;;;164;36;;;;;;;;212;40;;;;;;;;242;24;;;;;;;;360;35
37;199;;;;;;;;39;382;;;;;;;;42;318;;;;;;;;41;174;;;;;;;;49;68;;;;;;;;53;57;;;;;;;;60;56;;;;;;;;72;58;;;;;;;;72;36;;;;;;;;81;34;;;;;;;;131;34;;;;;;;;165;39;;;;;;;;213;30;;;;;;;;243;48;;;;;;;;361;48
38;223;;;;;;;;40;304;;;;;;;;43;334;;;;;;;;42;194;;;;;;;;50;61;;;;;;;;54;70;;;;;;;;61;60;;;;;;;;73;49;;;;;;;;73;29;;;;;;;;82;34;;;;;;;;132;34;;;;;;;;166;38;;;;;;;;214;41;;;;;;;;244;33;;;;;;;;362;41
39;215;;;;;;;;41;355;;;;;;;;44;357;;;;;;;;43;204;;;;;;;;51;74;;;;;;;;55;72;;;;;;;;62;53;;;;;;;;74;85;;;;;;;;74;44;;;;;;;;83;36;;;;;;;;133;39;;;;;;;;167;33;;;;;;;;215;31;;;;;;;;245;34;;;;;;;;363;40
40;204;;;;;;;;42;381;;;;;;;;45;361;;;;;;;;44;206;;;;;;;;52;88;;;;;;;;56;82;;;;;;;;63;69;;;;;;;;75;74;;;;;;;;75;32;;;;;;;;84;45;;;;;;;;134;54;;;;;;;;168;55;;;;;;;;216;37;;;;;;;;246;40;;;;;;;;364;46
41;184;;;;;;;;43;349;;;;;;;;46;373;;;;;;;;45;180;;;;;;;;53;72;;;;;;;;57;102;;;;;;;;64;72;;;;;;;;76;67;;;;;;;;76;38;;;;;;;;85;32;;;;;;;;135;55;;;;;;;;169;37;;;;;;;;217;56;;;;;;;;247;55;;;;;;;;365;57
42;208;;;;;;;;44;351;;;;;;;;47;376;;;;;;;;46;196;;;;;;;;54;87;;;;;;;;58;89;;;;;;;;65;69;;;;;;;;77;72;;;;;;;;77;35;;;;;;;;86;41;;;;;;;;136;70;;;;;;;;170;54;;;;;;;;218;55;;;;;;;;248;68;;;;;;;;366;58
43;179;;;;;;;;45;392;;;;;;;;48;409;;;;;;;;47;211;;;;;;;;55;86;;;;;;;;59;90;;;;;;;;66;82;;;;;;;;78;75;;;;;;;;78;53;;;;;;;;87;54;;;;;;;;137;73;;;;;;;;171;48;;;;;;;;219;60;;;;;;;;249;42;;;;;;;;367;69
44;206;;;;;;;;46;376;;;;;;;;49;414;;;;;;;;48;211;;;;;;;;56;116;;;;;;;;60;92;;;;;;;;67;86;;;;;;;;79;79;;;;;;;;79;57;;;;;;;;88;53;;;;;;;;138;61;;;;;;;;172;59;;;;;;;;220;62;;;;;;;;250;67;;;;;;;;368;66
45;230;;;;;;;;47;387;;;;;;;;50;395;;;;;;;;49;225;;;;;;;;57;98;;;;;;;;61;111;;;;;;;;68;79;;;;;;;;80;102;;;;;;;;80;59;;;;;;;;89;54;;;;;;;;139;72;;;;;;;;173;59;;;;;;;;221;74;;;;;;;;251;82;;;;;;;;369;75
46;198;;;;;;;;48;343;;;;;;;;51;397;;;;;;;;50;248;;;;;;;;58;88;;;;;;;;62;104;;;;;;;;69;93;;;;;;;;81;75;;;;;;;;81;62;;;;;;;;90;58;;;;;;;;140;72;;;;;;;;174;68;;;;;;;;222;77;;;;;;;;252;79;;;;;;;;370;87
47;218;;;;;;;;49;361;;;;;;;;52;415;;;;;;;;51;203;;;;;;;;59;112;;;;;;;;63;125;;;;;;;;70;101;;;;;;;;82;119;;;;;;;;82;61;;;;;;;;91;62;;;;;;;;141;78;;;;;;;;175;67;;;;;;;;223;75;;;;;;;;253;78;;;;;;;;371;90
48;199;;;;;;;;50;332;;;;;;;;53;425;;;;;;;;52;230;;;;;;;;60;107;;;;;;;;64;126;;;;;;;;71;121;;;;;;;;83;119;;;;;;;;83;80;;;;;;;;92;68;;;;;;;;142;85;;;;;;;;176;78;;;;;;;;224;65;;;;;;;;254;72;;;;;;;;372;89
49;209;;;;;;;;51;337;;;;;;;;54;421;;;;;;;;53;246;;;;;;;;61;122;;;;;;;;65;149;;;;;;;;72;104;;;;;;;;84;116;;;;;;;;84;63;;;;;;;;93;70;;;;;;;;143;101;;;;;;;;177;70;;;;;;;;225;88;;;;;;;;255;71;;;;;;;;373;99
50;203;;;;;;;;52;291;;;;;;;;55;403;;;;;;;;54;229;;;;;;;;62;130;;;;;;;;66;143;;;;;;;;73;106;;;;;;;;85;124;;;;;;;;85;79;;;;;;;;94;81;;;;;;;;144;110;;;;;;;;178;85;;;;;;;;226;106;;;;;;;;256;91;;;;;;;;374;121
51;173;;;;;;;;53;296;;;;;;;;56;411;;;;;;;;55;258;;;;;;;;63;121;;;;;;;;67;167;;;;;;;;74;125;;;;;;;;86;162;;;;;;;;86;82;;;;;;;;95;83;;;;;;;;145;107;;;;;;;;179;81;;;;;;;;227;107;;;;;;;;257;88;;;;;;;;375;117
52;200;;;;;;;;54;314;;;;;;;;57;397;;;;;;;;56;259;;;;;;;;64;115;;;;;;;;68;158;;;;;;;;75;124;;;;;;;;87;149;;;;;;;;87;85;;;;;;;;96;92;;;;;;;;146;125;;;;;;;;180;105;;;;;;;;228;99;;;;;;;;258;123;;;;;;;;376;132
53;201;;;;;;;;55;301;;;;;;;;58;392;;;;;;;;57;247;;;;;;;;65;152;;;;;;;;69;170;;;;;;;;76;134;;;;;;;;88;140;;;;;;;;88;93;;;;;;;;97;102;;;;;;;;147;128;;;;;;;;181;121;;;;;;;;229;117;;;;;;;;259;114;;;;;;;;377;121
54;193;;;;;;;;56;296;;;;;;;;59;347;;;;;;;;58;244;;;;;;;;66;130;;;;;;;;70;155;;;;;;;;77;172;;;;;;;;89;163;;;;;;;;89;86;;;;;;;;98;88;;;;;;;;148;145;;;;;;;;182;106;;;;;;;;230;131;;;;;;;;260;123;;;;;;;;378;153
55;176;;;;;;;;57;265;;;;;;;;60;326;;;;;;;;59;243;;;;;;;;67;152;;;;;;;;71;188;;;;;;;;78;167;;;;;;;;90;175;;;;;;;;90;107;;;;;;;;99;112;;;;;;;;149;121;;;;;;;;183;136;;;;;;;;231;144;;;;;;;;261;136;;;;;;;;379;141
56;201;;;;;;;;58;260;;;;;;;;61;364;;;;;;;;60;260;;;;;;;;68;168;;;;;;;;72;139;;;;;;;;79;174;;;;;;;;91;186;;;;;;;;91;93;;;;;;;;100;115;;;;;;;;150;179;;;;;;;;184;120;;;;;;;;232;123;;;;;;;;262;147;;;;;;;;380;153
57;198;;;;;;;;59;241;;;;;;;;62;361;;;;;;;;61;257;;;;;;;;69;171;;;;;;;;73;188;;;;;;;;80;187;;;;;;;;92;146;;;;;;;;92;108;;;;;;;;101;133;;;;;;;;151;161;;;;;;;;185;160;;;;;;;;233;141;;;;;;;;263;139;;;;;;;;381;172
58;195;;;;;;;;60;243;;;;;;;;63;323;;;;;;;;62;255;;;;;;;;70;176;;;;;;;;74;214;;;;;;;;81;188;;;;;;;;93;166;;;;;;;;93;111;;;;;;;;102;112;;;;;;;;152;171;;;;;;;;186;144;;;;;;;;234;136;;;;;;;;264;154;;;;;;;;382;165
59;184;;;;;;;;61;231;;;;;;;;64;324;;;;;;;;63;268;;;;;;;;71;178;;;;;;;;75;199;;;;;;;;82;171;;;;;;;;94;185;;;;;;;;94;129;;;;;;;;103;121;;;;;;;;153;155;;;;;;;;187;152;;;;;;;;235;156;;;;;;;;265;180;;;;;;;;383;182
60;170;;;;;;;;62;219;;;;;;;;65;306;;;;;;;;64;263;;;;;;;;72;193;;;;;;;;76;207;;;;;;;;83;179;;;;;;;;95;190;;;;;;;;95;108;;;;;;;;104;129;;;;;;;;154;181;;;;;;;;188;155;;;;;;;;236;168;;;;;;;;266;178;;;;;;;;384;213
61;180;;;;;;;;63;237;;;;;;;;66;331;;;;;;;;65;261;;;;;;;;73;178;;;;;;;;77;221;;;;;;;;84;211;;;;;;;;96;199;;;;;;;;96;164;;;;;;;;105;153;;;;;;;;155;187;;;;;;;;189;147;;;;;;;;237;180;;;;;;;;267;201;;;;;;;;385;189
62;210;;;;;;;;64;249;;;;;;;;67;314;;;;;;;;66;297;;;;;;;;74;189;;;;;;;;78;240;;;;;;;;85;211;;;;;;;;97;199;;;;;;;;97;152;;;;;;;;106;153;;;;;;;;156;209;;;;;;;;190;177;;;;;;;;238;186;;;;;;;;268;190;;;;;;;;386;208
63;191;;;;;;;;65;228;;;;;;;;68;288;;;;;;;;67;284;;;;;;;;75;209;;;;;;;;79;235;;;;;;;;86;207;;;;;;;;98;215;;;;;;;;98;140;;;;;;;;107;157;;;;;;;;157;213;;;;;;;;191;196;;;;;;;;239;202;;;;;;;;269;221;;;;;;;;387;253
64;208;;;;;;;;66;233;;;;;;;;69;306;;;;;;;;68;263;;;;;;;;76;205;;;;;;;;80;244;;;;;;;;87;227;;;;;;;;99;203;;;;;;;;99;132;;;;;;;;108;154;;;;;;;;158;213;;;;;;;;192;214;;;;;;;;240;199;;;;;;;;270;214;;;;;;;;388;222
65;211;;;;;;;;67;244;;;;;;;;70;270;;;;;;;;69;273;;;;;;;;77;236;;;;;;;;81;254;;;;;;;;88;204;;;;;;;;100;208;;;;;;;;100;169;;;;;;;;109;159;;;;;;;;159;204;;;;;;;;193;195;;;;;;;;241;213;;;;;;;;271;216;;;;;;;;389;219
66;201;;;;;;;;68;234;;;;;;;;71;265;;;;;;;;70;277;;;;;;;;78;230;;;;;;;;82;258;;;;;;;;89;237;;;;;;;;101;228;;;;;;;;101;169;;;;;;;;110;164;;;;;;;;160;230;;;;;;;;194;196;;;;;;;;242;228;;;;;;;;272;247;;;;;;;;390;257
67;197;;;;;;;;69;205;;;;;;;;72;265;;;;;;;;71;284;;;;;;;;79;221;;;;;;;;83;265;;;;;;;;90;210;;;;;;;;102;243;;;;;;;;102;157;;;;;;;;111;173;;;;;;;;161;238;;;;;;;;195;227;;;;;;;;243;232;;;;;;;;273;233;;;;;;;;391;271
68;181;;;;;;;;70;233;;;;;;;;73;245;;;;;;;;72;291;;;;;;;;80;213;;;;;;;;84;286;;;;;;;;91;246;;;;;;;;103;246;;;;;;;;103;167;;;;;;;;112;187;;;;;;;;162;245;;;;;;;;196;231;;;;;;;;244;254;;;;;;;;274;243;;;;;;;;392;271
69;218;;;;;;;;71;239;;;;;;;;74;267;;;;;;;;73;273;;;;;;;;81;249;;;;;;;;85;278;;;;;;;;92;245;;;;;;;;104;252;;;;;;;;104;192;;;;;;;;113;206;;;;;;;;163;247;;;;;;;;197;227;;;;;;;;245;226;;;;;;;;275;225;;;;;;;;393;301
70;193;;;;;;;;72;221;;;;;;;;75;269;;;;;;;;74;258;;;;;;;;82;255;;;;;;;;86;272;;;;;;;;93;229;;;;;;;;105;267;;;;;;;;105;192;;;;;;;;114;209;;;;;;;;164;278;;;;;;;;198;263;;;;;;;;246;259;;;;;;;;276;252;;;;;;;;394;299
71;183;;;;;;;;73;191;;;;;;;;76;238;;;;;;;;75;308;;;;;;;;83;244;;;;;;;;87;275;;;;;;;;94;298;;;;;;;;106;286;;;;;;;;106;182;;;;;;;;115;224;;;;;;;;165;311;;;;;;;;199;235;;;;;;;;247;225;;;;;;;;277;270;;;;;;;;395;294
72;196;;;;;;;;74;228;;;;;;;;77;258;;;;;;;;76;306;;;;;;;;84;234;;;;;;;;88;276;;;;;;;;95;238;;;;;;;;107;281;;;;;;;;107;192;;;;;;;;116;204;;;;;;;;166;274;;;;;;;;200;251;;;;;;;;248;293;;;;;;;;278;272;;;;;;;;396;276
73;203;;;;;;;;75;215;;;;;;;;78;246;;;;;;;;77;312;;;;;;;;85;296;;;;;;;;89;312;;;;;;;;96;300;;;;;;;;108;262;;;;;;;;108;197;;;;;;;;117;227;;;;;;;;167;304;;;;;;;;201;289;;;;;;;;249;275;;;;;;;;279;304;;;;;;;;397;291
74;219;;;;;;;;76;202;;;;;;;;79;237;;;;;;;;78;294;;;;;;;;86;253;;;;;;;;90;294;;;;;;;;97;290;;;;;;;;109;311;;;;;;;;109;224;;;;;;;;118;233;;;;;;;;168;347;;;;;;;;202;267;;;;;;;;250;294;;;;;;;;280;297;;;;;;;;398;298
75;186;;;;;;;;77;179;;;;;;;;80;223;;;;;;;;79;312;;;;;;;;87;264;;;;;;;;91;266;;;;;;;;98;281;;;;;;;;110;266;;;;;;;;110;223;;;;;;;;119;277;;;;;;;;169;282;;;;;;;;203;308;;;;;;;;251;300;;;;;;;;281;287;;;;;;;;399;373
76;198;;;;;;;;78;151;;;;;;;;81;245;;;;;;;;80;299;;;;;;;;88;269;;;;;;;;92;327;;;;;;;;99;321;;;;;;;;111;304;;;;;;;;111;244;;;;;;;;120;212;;;;;;;;170;337;;;;;;;;204;288;;;;;;;;252;299;;;;;;;;282;266;;;;;;;;400;320
77;202;;;;;;;;79;127;;;;;;;;82;225;;;;;;;;81;294;;;;;;;;89;284;;;;;;;;93;326;;;;;;;;100;295;;;;;;;;112;278;;;;;;;;112;264;;;;;;;;121;257;;;;;;;;171;314;;;;;;;;205;307;;;;;;;;253;320;;;;;;;;283;342;;;;;;;;401;302
78;183;;;;;;;;80;117;;;;;;;;83;215;;;;;;;;82;267;;;;;;;;90;247;;;;;;;;94;331;;;;;;;;101;293;;;;;;;;113;319;;;;;;;;113;231;;;;;;;;122;272;;;;;;;;172;332;;;;;;;;206;363;;;;;;;;254;358;;;;;;;;284;336;;;;;;;;402;348
79;192;;;;;;;;81;103;;;;;;;;84;158;;;;;;;;83;289;;;;;;;;91;283;;;;;;;;95;307;;;;;;;;102;288;;;;;;;;114;327;;;;;;;;114;247;;;;;;;;123;283;;;;;;;;173;326;;;;;;;;207;328;;;;;;;;255;312;;;;;;;;285;313;;;;;;;;403;323
80;182;;;;;;;;82;97;;;;;;;;85;154;;;;;;;;84;302;;;;;;;;92;278;;;;;;;;96;328;;;;;;;;103;316;;;;;;;;115;323;;;;;;;;115;260;;;;;;;;124;290;;;;;;;;174;361;;;;;;;;208;302;;;;;;;;256;340;;;;;;;;286;318;;;;;;;;404;364
81;221;;;;;;;;83;81;;;;;;;;86;150;;;;;;;;85;294;;;;;;;;93;318;;;;;;;;97;332;;;;;;;;104;341;;;;;;;;116;324;;;;;;;;116;264;;;;;;;;125;288;;;;;;;;175;335;;;;;;;;209;363;;;;;;;;257;355;;;;;;;;287;331;;;;;;;;405;327
82;183;;;;;;;;84;83;;;;;;;;87;136;;;;;;;;86;259;;;;;;;;94;308;;;;;;;;98;332;;;;;;;;105;352;;;;;;;;117;314;;;;;;;;117;259;;;;;;;;126;287;;;;;;;;176;367;;;;;;;;210;291;;;;;;;;258;361;;;;;;;;288;343;;;;;;;;406;353
83;189;;;;;;;;85;46;;;;;;;;88;116;;;;;;;;87;245;;;;;;;;95;315;;;;;;;;99;327;;;;;;;;106;306;;;;;;;;118;298;;;;;;;;118;297;;;;;;;;127;305;;;;;;;;177;335;;;;;;;;211;324;;;;;;;;259;338;;;;;;;;289;323;;;;;;;;407;348
84;193;;;;;;;;86;42;;;;;;;;89;110;;;;;;;;88;275;;;;;;;;96;318;;;;;;;;100;336;;;;;;;;107;339;;;;;;;;119;330;;;;;;;;119;295;;;;;;;;128;289;;;;;;;;178;354;;;;;;;;212;363;;;;;;;;260;341;;;;;;;;290;341;;;;;;;;408;367
85;190;;;;;;;;87;35;;;;;;;;90;78;;;;;;;;89;257;;;;;;;;97;319;;;;;;;;101;336;;;;;;;;108;332;;;;;;;;120;366;;;;;;;;120;270;;;;;;;;129;302;;;;;;;;179;342;;;;;;;;213;360;;;;;;;;261;377;;;;;;;;291;385;;;;;;;;409;342
86;222;;;;;;;;88;30;;;;;;;;91;86;;;;;;;;90;281;;;;;;;;98;330;;;;;;;;102;359;;;;;;;;109;348;;;;;;;;121;330;;;;;;;;121;294;;;;;;;;130;332;;;;;;;;180;358;;;;;;;;214;384;;;;;;;;262;337;;;;;;;;292;381;;;;;;;;410;383
;;;;;;;;;89;12;;;;;;;;92;72;;;;;;;;91;279;;;;;;;;99;309;;;;;;;;103;335;;;;;;;;110;340;;;;;;;;122;360;;;;;;;;122;305;;;;;;;;131;351;;;;;;;;181;369;;;;;;;;215;372;;;;;;;;263;360;;;;;;;;293;325;;;;;;;;411;341
;;;;;;;;;90;20;;;;;;;;93;61;;;;;;;;92;250;;;;;;;;100;290;;;;;;;;104;280;;;;;;;;111;370;;;;;;;;123;349;;;;;;;;123;296;;;;;;;;132;341;;;;;;;;182;363;;;;;;;;216;359;;;;;;;;264;332;;;;;;;;294;352;;;;;;;;412;341
;;;;;;;;;91;8;;;;;;;;94;47;;;;;;;;93;248;;;;;;;;101;346;;;;;;;;105;314;;;;;;;;112;358;;;;;;;;124;339;;;;;;;;124;280;;;;;;;;133;318;;;;;;;;183;358;;;;;;;;217;333;;;;;;;;265;338;;;;;;;;295;346;;;;;;;;413;367
;;;;;;;;;92;4;;;;;;;;95;28;;;;;;;;94;236;;;;;;;;102;344;;;;;;;;106;347;;;;;;;;113;312;;;;;;;;125;312;;;;;;;;125;317;;;;;;;;134;307;;;;;;;;184;354;;;;;;;;218;370;;;;;;;;266;315;;;;;;;;296;363;;;;;;;;414;339
;;;;;;;;;;;;;;;;;;96;29;;;;;;;;95;243;;;;;;;;103;351;;;;;;;;107;308;;;;;;;;114;328;;;;;;;;126;309;;;;;;;;126;314;;;;;;;;135;301;;;;;;;;185;351;;;;;;;;219;337;;;;;;;;267;360;;;;;;;;297;351;;;;;;;;415;361
;;;;;;;;;;;;;;;;;;97;17;;;;;;;;96;233;;;;;;;;104;317;;;;;;;;108;349;;;;;;;;115;311;;;;;;;;127;310;;;;;;;;127;330;;;;;;;;136;337;;;;;;;;186;325;;;;;;;;220;310;;;;;;;;268;343;;;;;;;;298;385;;;;;;;;416;317
;;;;;;;;;;;;;;;;;;98;16;;;;;;;;97;230;;;;;;;;105;310;;;;;;;;109;333;;;;;;;;116;331;;;;;;;;128;302;;;;;;;;128;349;;;;;;;;137;321;;;;;;;;187;363;;;;;;;;221;315;;;;;;;;269;331;;;;;;;;299;307;;;;;;;;417;314
;;;;;;;;;;;;;;;;;;99;14;;;;;;;;98;231;;;;;;;;106;306;;;;;;;;110;306;;;;;;;;117;305;;;;;;;;129;330;;;;;;;;129;321;;;;;;;;138;359;;;;;;;;188;336;;;;;;;;222;345;;;;;;;;270;348;;;;;;;;300;327;;;;;;;;418;320
;;;;;;;;;;;;;;;;;;100;11;;;;;;;;99;224;;;;;;;;107;301;;;;;;;;111;343;;;;;;;;118;314;;;;;;;;130;301;;;;;;;;130;330;;;;;;;;139;333;;;;;;;;189;310;;;;;;;;223;330;;;;;;;;271;315;;;;;;;;301;335;;;;;;;;419;331
;;;;;;;;;;;;;;;;;;101;7;;;;;;;;100;186;;;;;;;;108;313;;;;;;;;112;295;;;;;;;;119;313;;;;;;;;131;285;;;;;;;;131;311;;;;;;;;140;325;;;;;;;;190;340;;;;;;;;224;333;;;;;;;;272;302;;;;;;;;302;313;;;;;;;;420;294
;;;;;;;;;;;;;;;;;;102;1;;;;;;;;101;192;;;;;;;;109;338;;;;;;;;113;288;;;;;;;;120;330;;;;;;;;132;319;;;;;;;;132;325;;;;;;;;141;322;;;;;;;;191;318;;;;;;;;225;344;;;;;;;;273;316;;;;;;;;303;292;;;;;;;;421;316
;;;;;;;;;;;;;;;;;;103;3;;;;;;;;102;160;;;;;;;;110;298;;;;;;;;114;241;;;;;;;;121;282;;;;;;;;133;283;;;;;;;;133;324;;;;;;;;142;314;;;;;;;;192;284;;;;;;;;226;326;;;;;;;;274;324;;;;;;;;304;341;;;;;;;;422;274
;;;;;;;;;;;;;;;;;;;;;;;;;;;103;159;;;;;;;;111;307;;;;;;;;115;286;;;;;;;;122;306;;;;;;;;134;288;;;;;;;;134;305;;;;;;;;143;353;;;;;;;;193;300;;;;;;;;227;339;;;;;;;;275;290;;;;;;;;305;318;;;;;;;;423;273
;;;;;;;;;;;;;;;;;;;;;;;;;;;104;158;;;;;;;;112;286;;;;;;;;116;247;;;;;;;;123;307;;;;;;;;135;285;;;;;;;;135;296;;;;;;;;144;349;;;;;;;;194;335;;;;;;;;228;285;;;;;;;;276;302;;;;;;;;306;275;;;;;;;;424;288
;;;;;;;;;;;;;;;;;;;;;;;;;;;105;136;;;;;;;;113;279;;;;;;;;117;290;;;;;;;;124;281;;;;;;;;136;288;;;;;;;;136;296;;;;;;;;145;297;;;;;;;;195;280;;;;;;;;229;297;;;;;;;;277;296;;;;;;;;307;314;;;;;;;;425;276
;;;;;;;;;;;;;;;;;;;;;;;;;;;106;134;;;;;;;;114;302;;;;;;;;118;248;;;;;;;;125;299;;;;;;;;137;249;;;;;;;;137;307;;;;;;;;146;312;;;;;;;;196;261;;;;;;;;230;312;;;;;;;;278;281;;;;;;;;308;313;;;;;;;;426;255
;;;;;;;;;;;;;;;;;;;;;;;;;;;107;126;;;;;;;;115;267;;;;;;;;119;274;;;;;;;;126;268;;;;;;;;138;298;;;;;;;;138;329;;;;;;;;147;317;;;;;;;;197;273;;;;;;;;231;301;;;;;;;;279;266;;;;;;;;309;259;;;;;;;;427;272
;;;;;;;;;;;;;;;;;;;;;;;;;;;108;117;;;;;;;;116;251;;;;;;;;120;227;;;;;;;;127;234;;;;;;;;139;253;;;;;;;;139;307;;;;;;;;148;334;;;;;;;;198;254;;;;;;;;232;298;;;;;;;;280;262;;;;;;;;310;279;;;;;;;;428;229
;;;;;;;;;;;;;;;;;;;;;;;;;;;109;97;;;;;;;;117;242;;;;;;;;121;219;;;;;;;;128;248;;;;;;;;140;218;;;;;;;;140;281;;;;;;;;149;299;;;;;;;;199;228;;;;;;;;233;278;;;;;;;;281;283;;;;;;;;311;257;;;;;;;;429;240
;;;;;;;;;;;;;;;;;;;;;;;;;;;110;94;;;;;;;;118;256;;;;;;;;122;221;;;;;;;;129;237;;;;;;;;141;257;;;;;;;;141;302;;;;;;;;150;287;;;;;;;;200;217;;;;;;;;234;275;;;;;;;;282;250;;;;;;;;312;251;;;;;;;;430;214
;;;;;;;;;;;;;;;;;;;;;;;;;;;111;93;;;;;;;;119;242;;;;;;;;123;187;;;;;;;;130;211;;;;;;;;142;201;;;;;;;;142;261;;;;;;;;151;310;;;;;;;;201;227;;;;;;;;235;275;;;;;;;;283;247;;;;;;;;313;229;;;;;;;;431;200
;;;;;;;;;;;;;;;;;;;;;;;;;;;112;82;;;;;;;;120;220;;;;;;;;124;183;;;;;;;;131;200;;;;;;;;143;220;;;;;;;;143;306;;;;;;;;152;289;;;;;;;;202;232;;;;;;;;236;234;;;;;;;;284;232;;;;;;;;314;235;;;;;;;;432;193
;;;;;;;;;;;;;;;;;;;;;;;;;;;113;88;;;;;;;;121;199;;;;;;;;125;179;;;;;;;;132;206;;;;;;;;144;222;;;;;;;;144;254;;;;;;;;153;264;;;;;;;;203;219;;;;;;;;237;249;;;;;;;;285;232;;;;;;;;315;209;;;;;;;;433;197
;;;;;;;;;;;;;;;;;;;;;;;;;;;114;69;;;;;;;;122;213;;;;;;;;126;162;;;;;;;;133;184;;;;;;;;145;193;;;;;;;;145;309;;;;;;;;154;267;;;;;;;;204;183;;;;;;;;238;233;;;;;;;;286;210;;;;;;;;316;222;;;;;;;;434;195
;;;;;;;;;;;;;;;;;;;;;;;;;;;115;54;;;;;;;;123;213;;;;;;;;127;187;;;;;;;;134;195;;;;;;;;146;195;;;;;;;;146;273;;;;;;;;155;254;;;;;;;;205;181;;;;;;;;239;218;;;;;;;;287;202;;;;;;;;317;188;;;;;;;;435;175
;;;;;;;;;;;;;;;;;;;;;;;;;;;116;50;;;;;;;;124;201;;;;;;;;128;152;;;;;;;;135;190;;;;;;;;147;199;;;;;;;;147;252;;;;;;;;156;268;;;;;;;;206;143;;;;;;;;240;217;;;;;;;;288;191;;;;;;;;318;173;;;;;;;;436;154
;;;;;;;;;;;;;;;;;;;;;;;;;;;117;48;;;;;;;;125;162;;;;;;;;129;143;;;;;;;;136;174;;;;;;;;148;152;;;;;;;;148;270;;;;;;;;157;238;;;;;;;;207;183;;;;;;;;241;197;;;;;;;;289;180;;;;;;;;319;168;;;;;;;;437;167
;;;;;;;;;;;;;;;;;;;;;;;;;;;118;45;;;;;;;;126;184;;;;;;;;130;135;;;;;;;;137;196;;;;;;;;149;162;;;;;;;;149;235;;;;;;;;158;231;;;;;;;;208;165;;;;;;;;242;212;;;;;;;;290;177;;;;;;;;320;186;;;;;;;;438;147
;;;;;;;;;;;;;;;;;;;;;;;;;;;119;24;;;;;;;;127;154;;;;;;;;131;119;;;;;;;;138;147;;;;;;;;150;145;;;;;;;;150;224;;;;;;;;159;230;;;;;;;;209;149;;;;;;;;243;180;;;;;;;;291;172;;;;;;;;321;144;;;;;;;;439;118
;;;;;;;;;;;;;;;;;;;;;;;;;;;120;30;;;;;;;;128;166;;;;;;;;132;143;;;;;;;;139;141;;;;;;;;151;155;;;;;;;;151;218;;;;;;;;160;190;;;;;;;;210;136;;;;;;;;244;155;;;;;;;;292;168;;;;;;;;322;167;;;;;;;;440;138
;;;;;;;;;;;;;;;;;;;;;;;;;;;121;23;;;;;;;;129;129;;;;;;;;133;104;;;;;;;;140;123;;;;;;;;152;139;;;;;;;;152;218;;;;;;;;161;196;;;;;;;;211;131;;;;;;;;245;163;;;;;;;;293;171;;;;;;;;323;136;;;;;;;;441;134
;;;;;;;;;;;;;;;;;;;;;;;;;;;122;18;;;;;;;;130;135;;;;;;;;134;105;;;;;;;;141;142;;;;;;;;153;114;;;;;;;;153;198;;;;;;;;162;181;;;;;;;;212;114;;;;;;;;246;131;;;;;;;;294;136;;;;;;;;324;138;;;;;;;;442;119
;;;;;;;;;;;;;;;;;;;;;;;;;;;123;24;;;;;;;;131;122;;;;;;;;135;108;;;;;;;;142;114;;;;;;;;154;129;;;;;;;;154;228;;;;;;;;163;192;;;;;;;;213;110;;;;;;;;247;132;;;;;;;;295;137;;;;;;;;325;104;;;;;;;;443;108
;;;;;;;;;;;;;;;;;;;;;;;;;;;124;11;;;;;;;;132;119;;;;;;;;136;91;;;;;;;;143;121;;;;;;;;155;99;;;;;;;;155;200;;;;;;;;164;179;;;;;;;;214;80;;;;;;;;248;116;;;;;;;;296;128;;;;;;;;326;132;;;;;;;;444;108
;;;;;;;;;;;;;;;;;;;;;;;;;;;125;10;;;;;;;;133;104;;;;;;;;137;97;;;;;;;;144;100;;;;;;;;156;112;;;;;;;;156;186;;;;;;;;165;140;;;;;;;;215;93;;;;;;;;249;101;;;;;;;;297;110;;;;;;;;327;112;;;;;;;;445;89
;;;;;;;;;;;;;;;;;;;;;;;;;;;126;14;;;;;;;;134;110;;;;;;;;138;80;;;;;;;;145;83;;;;;;;;157;85;;;;;;;;157;174;;;;;;;;166;143;;;;;;;;216;83;;;;;;;;250;100;;;;;;;;298;117;;;;;;;;328;85;;;;;;;;446;84
;;;;;;;;;;;;;;;;;;;;;;;;;;;127;2;;;;;;;;135;92;;;;;;;;139;73;;;;;;;;146;87;;;;;;;;158;90;;;;;;;;158;166;;;;;;;;167;132;;;;;;;;217;90;;;;;;;;251;100;;;;;;;;299;98;;;;;;;;329;104;;;;;;;;447;91
;;;;;;;;;;;;;;;;;;;;;;;;;;;128;0;;;;;;;;136;82;;;;;;;;140;53;;;;;;;;147;91;;;;;;;;159;64;;;;;;;;159;151;;;;;;;;168;127;;;;;;;;218;73;;;;;;;;252;75;;;;;;;;300;84;;;;;;;;330;94;;;;;;;;448;84
;;;;;;;;;;;;;;;;;;;;;;;;;;;129;2;;;;;;;;137;85;;;;;;;;141;44;;;;;;;;148;65;;;;;;;;160;63;;;;;;;;160;164;;;;;;;;169;149;;;;;;;;219;77;;;;;;;;253;72;;;;;;;;301;75;;;;;;;;331;88;;;;;;;;449;75
;;;;;;;;;;;;;;;;;;;;;;;;;;;;;;;;;;;;138;68;;;;;;;;142;45;;;;;;;;149;74;;;;;;;;161;57;;;;;;;;161;158;;;;;;;;170;121;;;;;;;;220;64;;;;;;;;254;74;;;;;;;;302;80;;;;;;;;332;68;;;;;;;;450;57
;;;;;;;;;;;;;;;;;;;;;;;;;;;;;;;;;;;;139;76;;;;;;;;143;47;;;;;;;;150;63;;;;;;;;162;54;;;;;;;;162;140;;;;;;;;171;118;;;;;;;;221;71;;;;;;;;255;72;;;;;;;;303;57;;;;;;;;333;70;;;;;;;;451;58
;;;;;;;;;;;;;;;;;;;;;;;;;;;;;;;;;;;;140;54;;;;;;;;144;45;;;;;;;;151;68;;;;;;;;163;53;;;;;;;;163;132;;;;;;;;172;95;;;;;;;;222;60;;;;;;;;256;67;;;;;;;;304;72;;;;;;;;334;63;;;;;;;;452;65
;;;;;;;;;;;;;;;;;;;;;;;;;;;;;;;;;;;;141;61;;;;;;;;145;40;;;;;;;;152;52;;;;;;;;164;62;;;;;;;;164;112;;;;;;;;173;96;;;;;;;;223;54;;;;;;;;257;64;;;;;;;;305;54;;;;;;;;335;54;;;;;;;;453;41
;;;;;;;;;;;;;;;;;;;;;;;;;;;;;;;;;;;;142;63;;;;;;;;146;21;;;;;;;;153;54;;;;;;;;165;32;;;;;;;;165;133;;;;;;;;174;97;;;;;;;;224;48;;;;;;;;258;65;;;;;;;;306;46;;;;;;;;336;56;;;;;;;;454;42
;;;;;;;;;;;;;;;;;;;;;;;;;;;;;;;;;;;;143;53;;;;;;;;147;23;;;;;;;;154;38;;;;;;;;166;42;;;;;;;;166;96;;;;;;;;175;91;;;;;;;;225;43;;;;;;;;259;58;;;;;;;;307;63;;;;;;;;337;45;;;;;;;;455;48
;;;;;;;;;;;;;;;;;;;;;;;;;;;;;;;;;;;;144;38;;;;;;;;148;24;;;;;;;;155;30;;;;;;;;167;32;;;;;;;;167;104;;;;;;;;176;86;;;;;;;;226;43;;;;;;;;260;45;;;;;;;;308;24;;;;;;;;338;44;;;;;;;;456;35
;;;;;;;;;;;;;;;;;;;;;;;;;;;;;;;;;;;;145;47;;;;;;;;149;20;;;;;;;;156;26;;;;;;;;168;23;;;;;;;;168;93;;;;;;;;177;72;;;;;;;;227;39;;;;;;;;261;39;;;;;;;;309;50;;;;;;;;339;36;;;;;;;;457;42
;;;;;;;;;;;;;;;;;;;;;;;;;;;;;;;;;;;;146;21;;;;;;;;150;22;;;;;;;;157;31;;;;;;;;169;35;;;;;;;;169;74;;;;;;;;178;67;;;;;;;;228;23;;;;;;;;262;39;;;;;;;;310;40;;;;;;;;340;30;;;;;;;;458;29
;;;;;;;;;;;;;;;;;;;;;;;;;;;;;;;;;;;;147;16;;;;;;;;151;19;;;;;;;;158;19;;;;;;;;170;25;;;;;;;;170;76;;;;;;;;179;64;;;;;;;;229;28;;;;;;;;263;37;;;;;;;;311;34;;;;;;;;341;33;;;;;;;;459;24
;;;;;;;;;;;;;;;;;;;;;;;;;;;;;;;;;;;;148;17;;;;;;;;152;11;;;;;;;;159;17;;;;;;;;171;24;;;;;;;;171;75;;;;;;;;180;49;;;;;;;;230;19;;;;;;;;264;29;;;;;;;;312;32;;;;;;;;342;33;;;;;;;;460;22
;;;;;;;;;;;;;;;;;;;;;;;;;;;;;;;;;;;;149;30;;;;;;;;153;5;;;;;;;;160;17;;;;;;;;172;22;;;;;;;;172;60;;;;;;;;181;40;;;;;;;;231;25;;;;;;;;265;30;;;;;;;;313;29;;;;;;;;343;29;;;;;;;;461;21
;;;;;;;;;;;;;;;;;;;;;;;;;;;;;;;;;;;;150;16;;;;;;;;154;6;;;;;;;;161;18;;;;;;;;173;18;;;;;;;;173;49;;;;;;;;182;46;;;;;;;;232;18;;;;;;;;266;27;;;;;;;;314;23;;;;;;;;344;27;;;;;;;;462;22
;;;;;;;;;;;;;;;;;;;;;;;;;;;;;;;;;;;;151;15;;;;;;;;155;5;;;;;;;;162;17;;;;;;;;174;13;;;;;;;;174;50;;;;;;;;183;56;;;;;;;;233;15;;;;;;;;267;32;;;;;;;;315;18;;;;;;;;345;21;;;;;;;;463;12
;;;;;;;;;;;;;;;;;;;;;;;;;;;;;;;;;;;;152;12;;;;;;;;156;4;;;;;;;;163;14;;;;;;;;175;14;;;;;;;;175;29;;;;;;;;184;38;;;;;;;;234;9;;;;;;;;268;14;;;;;;;;316;20;;;;;;;;346;15;;;;;;;;464;14
;;;;;;;;;;;;;;;;;;;;;;;;;;;;;;;;;;;;153;14;;;;;;;;157;4;;;;;;;;164;5;;;;;;;;176;15;;;;;;;;176;45;;;;;;;;185;26;;;;;;;;235;13;;;;;;;;269;23;;;;;;;;317;26;;;;;;;;347;19;;;;;;;;465;21
;;;;;;;;;;;;;;;;;;;;;;;;;;;;;;;;;;;;154;8;;;;;;;;158;1;;;;;;;;165;6;;;;;;;;177;14;;;;;;;;177;44;;;;;;;;186;25;;;;;;;;236;8;;;;;;;;270;13;;;;;;;;318;26;;;;;;;;348;11;;;;;;;;466;9
;;;;;;;;;;;;;;;;;;;;;;;;;;;;;;;;;;;;155;6;;;;;;;;160;5;;;;;;;;166;4;;;;;;;;178;11;;;;;;;;178;42;;;;;;;;187;25;;;;;;;;237;6;;;;;;;;271;9;;;;;;;;319;9;;;;;;;;349;8;;;;;;;;467;5
;;;;;;;;;;;;;;;;;;;;;;;;;;;;;;;;;;;;156;11;;;;;;;;;;;;;;;;;167;3;;;;;;;;179;6;;;;;;;;179;28;;;;;;;;188;16;;;;;;;;238;6;;;;;;;;272;8;;;;;;;;320;7;;;;;;;;350;7;;;;;;;;468;6
;;;;;;;;;;;;;;;;;;;;;;;;;;;;;;;;;;;;157;5;;;;;;;;;;;;;;;;;168;4;;;;;;;;180;3;;;;;;;;180;25;;;;;;;;189;23;;;;;;;;239;6;;;;;;;;273;9;;;;;;;;321;7;;;;;;;;351;5;;;;;;;;469;6
;;;;;;;;;;;;;;;;;;;;;;;;;;;;;;;;;;;;158;2;;;;;;;;;;;;;;;;;169;5;;;;;;;;181;2;;;;;;;;181;22;;;;;;;;190;13;;;;;;;;240;2;;;;;;;;274;7;;;;;;;;322;8;;;;;;;;352;12;;;;;;;;470;6
;;;;;;;;;;;;;;;;;;;;;;;;;;;;;;;;;;;;159;5;;;;;;;;;;;;;;;;;170;5;;;;;;;;182;6;;;;;;;;182;24;;;;;;;;191;13;;;;;;;;241;11;;;;;;;;275;8;;;;;;;;323;9;;;;;;;;353;8;;;;;;;;471;1
;;;;;;;;;;;;;;;;;;;;;;;;;;;;;;;;;;;;160;0;;;;;;;;;;;;;;;;;171;4;;;;;;;;183;1;;;;;;;;183;19;;;;;;;;192;14;;;;;;;;242;6;;;;;;;;276;5;;;;;;;;324;1;;;;;;;;354;9;;;;;;;;472;3
;;;;;;;;;;;;;;;;;;;;;;;;;;;;;;;;;;;;161;3;;;;;;;;;;;;;;;;;172;3;;;;;;;;184;6;;;;;;;;184;18;;;;;;;;193;9;;;;;;;;243;3;;;;;;;;277;5;;;;;;;;325;0;;;;;;;;355;7;;;;;;;;473;5
;;;;;;;;;;;;;;;;;;;;;;;;;;;;;;;;;;;;162;3;;;;;;;;;;;;;;;;;174;1;;;;;;;;185;0;;;;;;;;185;10;;;;;;;;194;1;;;;;;;;244;1;;;;;;;;278;8;;;;;;;;326;0;;;;;;;;356;5;;;;;;;;474;0
;;;;;;;;;;;;;;;;;;;;;;;;;;;;;;;;;;;;163;0;;;;;;;;;;;;;;;;;176;0;;;;;;;;186;1;;;;;;;;186;14;;;;;;;;195;6;;;;;;;;245;0;;;;;;;;279;2;;;;;;;;327;5;;;;;;;;357;1;;;;;;;;475;3
;;;;;;;;;;;;;;;;;;;;;;;;;;;;;;;;;;;;164;2;;;;;;;;;;;;;;;;;;;;;;;;;;187;1;;;;;;;;187;11;;;;;;;;196;7;;;;;;;;246;0;;;;;;;;280;6;;;;;;;;328;3;;;;;;;;358;8;;;;;;;;476;3
;;;;;;;;;;;;;;;;;;;;;;;;;;;;;;;;;;;;;;;;;;;;;;;;;;;;;;;;;;;;;;;;;;;;;;;;188;11;;;;;;;;197;2;;;;;;;;248;3;;;;;;;;281;0;;;;;;;;329;3;;;;;;;;359;4;;;;;;;;477;1
;;;;;;;;;;;;;;;;;;;;;;;;;;;;;;;;;;;;;;;;;;;;;;;;;;;;;;;;;;;;;;;;;;;;;;;;189;8;;;;;;;;198;3;;;;;;;;250;1;;;;;;;;282;4;;;;;;;;330;1;;;;;;;;360;4;;;;;;;;478;4
;;;;;;;;;;;;;;;;;;;;;;;;;;;;;;;;;;;;;;;;;;;;;;;;;;;;;;;;;;;;;;;;;;;;;;;;190;6;;;;;;;;199;2;;;;;;;;;;;;;;;;;283;0;;;;;;;;332;1;;;;;;;;361;0;;;;;;;;479;3
;;;;;;;;;;;;;;;;;;;;;;;;;;;;;;;;;;;;;;;;;;;;;;;;;;;;;;;;;;;;;;;;;;;;;;;;191;4;;;;;;;;200;3;;;;;;;;;;;;;;;;;284;4;;;;;;;;333;2;;;;;;;;362;1;;;;;;;;480;0
;;;;;;;;;;;;;;;;;;;;;;;;;;;;;;;;;;;;;;;;;;;;;;;;;;;;;;;;;;;;;;;;;;;;;;;;192;2;;;;;;;;201;3;;;;;;;;;;;;;;;;;285;1;;;;;;;;334;3;;;;;;;;363;3;;;;;;;;481;3
;;;;;;;;;;;;;;;;;;;;;;;;;;;;;;;;;;;;;;;;;;;;;;;;;;;;;;;;;;;;;;;;;;;;;;;;193;3;;;;;;;;202;3;;;;;;;;;;;;;;;;;286;0;;;;;;;;336;1;;;;;;;;364;0;;;;;;;;483;3
;;;;;;;;;;;;;;;;;;;;;;;;;;;;;;;;;;;;;;;;;;;;;;;;;;;;;;;;;;;;;;;;;;;;;;;;194;5;;;;;;;;204;3;;;;;;;;;;;;;;;;;287;2;;;;;;;;338;1;;;;;;;;365;1;;;;;;;;484;0
;;;;;;;;;;;;;;;;;;;;;;;;;;;;;;;;;;;;;;;;;;;;;;;;;;;;;;;;;;;;;;;;;;;;;;;;195;2;;;;;;;;206;1;;;;;;;;;;;;;;;;;288;2;;;;;;;;;;;;;;;;;367;0;;;;;;;;;
;;;;;;;;;;;;;;;;;;;;;;;;;;;;;;;;;;;;;;;;;;;;;;;;;;;;;;;;;;;;;;;;;;;;;;;;196;1;;;;;;;;;;;;;;;;;;;;;;;;;;289;0;;;;;;;;;;;;;;;;;368;1;;;;;;;;;
;;;;;;;;;;;;;;;;;;;;;;;;;;;;;;;;;;;;;;;;;;;;;;;;;;;;;;;;;;;;;;;;;;;;;;;;197;1;;;;;;;;;;;;;;;;;;;;;;;;;;;;;;;;;;;;;;;;;;;;370;0;;;;;;;;;
;;;;;;;;;;;;;;;;;;;;;;;;;;;;;;;;;;;;;;;;;;;;;;;;;;;;;;;;;;;;;;;;;;;;;;;;198;1;;;;;;;;;;;;;;;;;;;;;;;;;;;;;;;;;;;;;;;;;;;;371;0;;;;;;;;;
